{
	"IcoMoonType": "selection",
	"icons": [
		{
			"icon": {
				"paths": [
					"M852 0h-680c-94.6 0-172 77.4-172 172v680c0 94.6 77.4 172 172 172h680c94.6 0 172-77.4 172-172v-680c0-94.6-77.4-172-172-172zM384 832h-128v-448h128v448zM320 320c-35.346 0-64-28.654-64-64s28.654-64 64-64 64 28.654 64 64-28.654 64-64 64zM832 832h-128v-256c0-35.346-28.654-64-64-64s-64 28.654-64 64v256h-128v-448h128v79.472c26.398-36.264 66.752-79.472 112-79.472 79.53 0 144 71.634 144 160v288z"
				],
				"tags": [
					"linkedin",
					"social"
				],
				"grid": 16
			},
			"properties": {
				"id": 415,
				"order": 5,
				"prevSize": 32,
				"name": "linkedin",
				"code": 58880,
				"ligatures": ""
			},
			"setIdx": 0,
			"iconIdx": 1115
		}
	],
	"height": 1024,
	"metadata": {
		"name": "icomoon"
	},
	"preferences": {
		"fontPref": {
			"prefix": "icon-",
			"metadata": {
				"fontFamily": "icomoon"
			},
			"showGlyphs": true,
			"metrics": {
				"emSize": 1024,
				"baseline": 6.25,
				"whitespace": 50
			},
			"resetPoint": 58880,
			"showQuickUse": true,
			"quickUsageToken": false,
			"showMetrics": true,
			"showMetadata": false
		},
		"imagePref": {
			"color": 0,
			"height": 32,
			"columns": 16,
			"margin": 16,
			"png": false,
			"sprites": true,
			"prefix": "icon-"
		},
		"historySize": 100,
		"showCodes": true,
		"gridSize": 16,
		"showLiga": false,
		"showGrid": true,
		"showGlyphs": true,
		"showQuickUse": true,
		"showSVGs": true,
		"search": ""
	}
}